file,response
VerifyPAdES_withSignedReport_0.xml,<Code>0</Code>
VerifyPAdES_withSignedReport_1.xml,<Code>0</Code>
VerifyPAdES_withSignedReport_2.xml,<Code>0</Code>
VerifyPAdES_withSignedReport_3.xml,<Code>0</Code>
VerifyPAdES_withSignedReport_4.xml,<Code>0</Code>
VerifyPAdES_withSignedReport_5.xml,<Code>0</Code>
VerifyPAdES_withSignedReport_6.xml,<Code>0</Code>
VerifyPAdES_withSignedReport_7.xml,<Code>0</Code>
VerifyPAdES_withSignedReport_8.xml,<Code>0</Code>
VerifyPAdES_withSignedReport_9.xml,<Code>0</Code>
VerifyPAdES_withSignedReport_10.xml,<Code>0</Code>
VerifyPAdES_withSignedReport_11.xml,<Code>0</Code>
VerifyPAdES_withSignedReport_12.xml,<Code>0</Code>
VerifyPAdES_withSignedReport_13.xml,<Code>0</Code>
VerifyPAdES_withSignedReport_14.xml,<Code>0</Code>
VerifyPAdES_withSignedReport_15.xml,<Code>0</Code>
VerifyPAdES_withSignedReport_16.xml,<Code>0</Code>
VerifyPAdES_withSignedReport_17.xml,<Code>0</Code>
VerifyPAdES_withSignedReport_18.xml,<Code>0</Code>
VerifyPAdES_withSignedReport_19.xml,<Code>0</Code>
VerifyPAdES_withSignedReport_20.xml,<Code>0</Code>
VerifyPAdES_withSignedReport_21.xml,<Code>0</Code>
VerifyPAdES_withSignedReport_22.xml,<Code>0</Code>
VerifyPAdES_withSignedReport_23.xml,<Code>0</Code>
VerifyPAdES_withSignedReport_24.xml,<Code>0</Code>
VerifyPAdES_withSignedReport_25.xml,<Code>0</Code>
VerifyPAdES_withSignedReport_26.xml,<Code>0</Code>
VerifyPAdES_withSignedReport_27.xml,<Code>0</Code>
VerifyPAdES_withSignedReport_28.xml,<Code>0</Code>
VerifyPAdES_withSignedReport_29.xml,<Code>0</Code>
VerifyPAdES_withSignedReport_30.xml,<Code>0</Code>
VerifyPAdES_withSignedReport_31.xml,<Code>0</Code>
VerifyPAdES_withSignedReport_32.xml,<Code>0</Code>
VerifyPAdES_withSignedReport_33.xml,<Code>0</Code>
VerifyPAdES_withSignedReport_34.xml,<Code>0</Code>
VerifyPAdES_withSignedReport_35.xml,<Code>0</Code>
VerifyPAdES_withSignedReport_36.xml,<Code>0</Code>
VerifyPAdES_withSignedReport_37.xml,<Code>0</Code>
VerifyPAdES_withSignedReport_38.xml,<Code>0</Code>
VerifyPAdES_withSignedReport_39.xml,<Code>0</Code>
VerifyPAdES_withSignedReport_40.xml,<Code>0</Code>
VerifyPAdES_withSignedReport_41.xml,<Code>0</Code>
VerifyPAdES_withSignedReport_42.xml,<Code>0</Code>
VerifyPAdES_withSignedReport_43.xml,<Code>0</Code>
VerifyPAdES_withSignedReport_44.xml,<Code>0</Code>
VerifyPAdES_withSignedReport_45.xml,<Code>0</Code>
VerifyPAdES_withSignedReport_46.xml,<Code>0</Code>
VerifyPAdES_withSignedReport_47.xml,<Code>0</Code>
VerifyPAdES_withSignedReport_48.xml,<Code>0</Code>
VerifyPAdES_withSignedReport_49.xml,<Code>0</Code>
